matchday,home,away,home_goals,away_goals
1,AEK Athens,LASK,1,0
1,Napoli,Arsenal,0,1
1,Club Brugge,Aston Villa,2,3
1,Liverpool,Atlético,2,1
1,Barcelona,Feyenoord,5,1
1,Bayern,Bodø/Glimt,5,0
1,Dortmund,Villarreal,3,2
1,Como,Leipzig,4,1
1,Fenerbahçe,Roma,1,1
1,Slavia Praha,Lens,2,3
1,Lille,Real Betis,2,3
1,Real Madrid,Inter,2,1
1,Porto,Man City,0,2
1,Man Utd,Sabah,4,0
1,PSG,Slovan,6,1
1,PSV,Shakhtar,1,1
1,Sporting,Galatasaray,3,1
1,Stuttgart,Viking,3,1
2,Arsenal,Lille,,
2,Viking,Bayern,,
2,Galatasaray,Barcelona,,
2,Roma,Real Madrid,,
2,Man City,PSG,,
2,LASK,Liverpool,,
2,Inter,Club Brugge,,
2,Bodø/Glimt,Dortmund,,
2,Aston Villa,Fenerbahçe,,
2,Slovan,Stuttgart,,
2,Lens,Sporting,,
2,Feyenoord,Como,,
2,Real Betis,Porto,,
2,Atlético,Man Utd,,
2,Villarreal,Napoli,,
2,Leipzig,PSV,,
2,Shakhtar,AEK Athens,,
2,Sabah,Slavia Praha,,
3,Bayern,Arsenal,,
3,PSG,Barcelona,,
3,Real Madrid,Leipzig,,
3,Man City,AEK Athens,,
3,Liverpool,Villarreal,,
3,Inter,Shakhtar,,
3,Sabah,Dortmund,,
3,Aston Villa,Viking,,
3,Stuttgart,Atlético,,
3,Sporting,LASK,,
3,Como,Man Utd,,
3,Roma,Slovan,,
3,Real Betis,Feyenoord,,
3,Porto,PSV,,
3,Napoli,Bodø/Glimt,,
3,Club Brugge,Lens,,
3,Lille,Galatasaray,,
3,Fenerbahçe,Slavia Praha,,
4,Slavia Praha,Arsenal,,
4,Atlético,Bayern,,
4,Barcelona,Aston Villa,,
4,AEK Athens,Real Madrid,,
4,Villarreal,PSG,,
4,Leipzig,Man City,,
4,Fenerbahçe,Liverpool,,
4,Feyenoord,Inter,,
4,Dortmund,Real Betis,,
4,Galatasaray,Stuttgart,,
4,Shakhtar,Sporting,,
4,Lens,Como,,
4,Man Utd,Roma,,
4,Porto,Napoli,,
4,PSV,Club Brugge,,
4,Bodø/Glimt,Lille,,
4,LASK,Slovan,,
4,Viking,Sabah,,
5,Arsenal,Dortmund,,
5,Lille,Bayern,,
5,Sabah,Barcelona,,
5,Real Madrid,PSV,,
5,PSG,Roma,,
5,Man City,Napoli,,
5,Club Brugge,Liverpool,,
5,Inter,Stuttgart,,
5,Galatasaray,Aston Villa,,
5,Sporting,Man Utd,,
5,Como,AEK Athens,,
5,Slovan,Real Betis,,
5,Feyenoord,Porto,,
5,Atlético,Viking,,
5,Leipzig,Lens,,
5,Shakhtar,Fenerbahçe,,
5,Slavia Praha,Villarreal,,
5,Bodø/Glimt,LASK,,
6,Arsenal,Real Madrid,,
6,Bayern,Slavia Praha,,
6,Barcelona,Man City,,
6,Aston Villa,PSG,,
6,Liverpool,Porto,,
6,Dortmund,Inter,,
6,Stuttgart,Lille,,
6,Roma,Sporting,,
6,Real Betis,Como,,
6,PSV,Atlético,,
6,Man Utd,Leipzig,,
6,Napoli,Club Brugge,,
6,Lens,Bodø/Glimt,,
6,AEK Athens,Galatasaray,,
6,LASK,Fenerbahçe,,
6,Villarreal,Sabah,,
6,Viking,Feyenoord,,
6,Slovan,Shakhtar,,
7,Real Betis,Arsenal,,
7,Man Utd,Bayern,,
7,Sporting,Barcelona,,
7,Real Madrid,LASK,,
7,Como,PSG,,
7,Lens,Man City,,
7,Inter,Liverpool,,
7,Aston Villa,Dortmund,,
7,Stuttgart,Club Brugge,,
7,AEK Athens,Roma,,
7,Porto,Slavia Praha,,
7,Bodø/Glimt,Atlético,,
7,Sabah,Napoli,,
7,Leipzig,Shakhtar,,
7,Lille,Slovan,,
7,Viking,PSV,,
7,Galatasaray,Feyenoord,,
7,Fenerbahçe,Villarreal,,
8,Arsenal,Sabah,,
8,Bayern,Real Betis,,
8,Barcelona,Como,,
8,Shakhtar,Real Madrid,,
8,PSG,Galatasaray,,
8,Man City,Sporting,,
8,Liverpool,Lens,,
8,Slovan,Inter,,
8,Dortmund,AEK Athens,,
8,Slavia Praha,Aston Villa,,
8,PSV,Stuttgart,,
8,Roma,Lille,,
8,LASK,Porto,,
8,Atlético,Fenerbahçe,,
8,Villarreal,Man Utd,,
8,Napoli,Viking,,
8,Feyenoord,Leipzig,,
8,Club Brugge,Bodø/Glimt,,
