team,rating,source
Arsenal,100.0,opta
Bayern,99.3,opta
Man City,98.8,opta
Barcelona,96.9,opta
Liverpool,96.0,opta
PSG,95.7,opta
Real Madrid,94.3,opta
Man Utd,94.0,opta
Aston Villa,93.7,opta
Inter,93.7,opta
Dortmund,92.8,opta
Roma,91.6,opta
Sporting,91.4,opta
Atlético,91.0,estimate
Napoli,91.0,estimate
Porto,90.5,estimate
Stuttgart,90.0,estimate
Como,89.8,estimate
Real Betis,89.3,estimate
Leipzig,89.5,estimate
Villarreal,89.0,estimate
Lens,88.5,estimate
PSV,88.5,estimate
Lille,88.0,estimate
Galatasaray,87.5,estimate
Fenerbahçe,87.5,estimate
Club Brugge,86.5,estimate
Bodø/Glimt,85.5,estimate
Feyenoord,85.5,estimate
Shakhtar,84.5,estimate
Slavia Praha,84.5,estimate
AEK Athens,83.0,estimate
LASK,81.0,estimate
Viking,80.0,estimate
Slovan,79.0,estimate
Sabah,78.0,estimate
